<?xml version="1.0" encoding="UTF-8"?>
<project-private xmlns="http://www.netbeans.org/ns/project-private/1">
    <editor-bookmarks xmlns="http://www.netbeans.org/ns/editor-bookmarks/2" lastBookmarkId="0"/>
    <open-files xmlns="http://www.netbeans.org/ns/projectui-open-files/2">
        <group name="[Swing]">
            <file>file:/C:/Users/mohat/Dropbox/DAM1_15_16/Programación/Ejercicios/Ejercicios%20de%20clase/Java/Graficos/Ejemplo_Timer/src/ejemplo_timer/Ejemplo_Timer.java</file>
            <file>file:/C:/Users/mohat/Dropbox/DAM1_15_16/Programación/Ejercicios/Ejercicios%20de%20clase/Java/Graficos/Ejemplo_Timer/src/ejemplo_timer/Ventana.java</file>
        </group>
        <group name="Graficos - OFICIAL"/>
        <group>
            <file>file:/home/faranzabe/Escritorio/DAW1_20_21/Tema%208%20-%20Entornos%20Gráficos/Ejemplo_Timer/src/ejemplo_timer/Ventana.java</file>
            <file>file:/home/faranzabe/Escritorio/DAW1_20_21/Tema%208%20-%20Entornos%20Gráficos/Ejemplo_Timer/src/ejemplo_timer/Ejemplo_Timer.java</file>
        </group>
    </open-files>
</project-private>
