<?xml version="1.0" encoding="UTF-8"?>
<project-private xmlns="http://www.netbeans.org/ns/project-private/1">
    <editor-bookmarks xmlns="http://www.netbeans.org/ns/editor-bookmarks/2" lastBookmarkId="0"/>
    <open-files xmlns="http://www.netbeans.org/ns/projectui-open-files/2">
        <group>
            <file>file:/home/danijcoello/DAW/1/PROG/09PROG/BBDD/DJC_PelisCompletoBBDD/src/Ventanas/Ventana.java</file>
            <file>file:/home/danijcoello/DAW/1/PROG/09PROG/BBDD/DJC_PelisCompletoBBDD/src/Peliculas/Pelicula.java</file>
            <file>file:/home/danijcoello/DAW/1/PROG/09PROG/BBDD/DJC_PelisCompletoBBDD/src/Auxiliar/Constantes.java</file>
            <file>file:/home/danijcoello/DAW/1/PROG/09PROG/BBDD/DJC_PelisCompletoBBDD/src/BBDD/ConexionEstatica.java</file>
        </group>
    </open-files>
</project-private>
