<?xml version="1.0" encoding="UTF-8"?>
<project-private xmlns="http://www.netbeans.org/ns/project-private/1">
    <editor-bookmarks xmlns="http://www.netbeans.org/ns/editor-bookmarks/2" lastBookmarkId="0"/>
    <open-files xmlns="http://www.netbeans.org/ns/projectui-open-files/2">
        <group>
            <file>file:/home/faranzabe/Escritorio/DAW1_20_21/Tema%206%20-%20Herencia/DJC_Oblivivion/src/CentroDeMando/ListaOrdenes.java</file>
            <file>file:/home/faranzabe/Escritorio/DAW1_20_21/Tema%206%20-%20Herencia/DJC_Oblivivion/src/CentroDeMando/Reconocimiento.java</file>
            <file>file:/home/faranzabe/Escritorio/DAW1_20_21/Tema%206%20-%20Herencia/DJC_Oblivivion/src/Tecnologia/Dron.java</file>
            <file>file:/home/faranzabe/Escritorio/DAW1_20_21/Tema%206%20-%20Herencia/DJC_Oblivivion/src/Mundo/Planeta.java</file>
            <file>file:/home/faranzabe/Escritorio/DAW1_20_21/Tema%206%20-%20Herencia/DJC_Oblivivion/src/Mundo/FactoriaMundo.java</file>
            <file>file:/home/faranzabe/Escritorio/DAW1_20_21/Tema%206%20-%20Herencia/DJC_Oblivivion/src/Mundo/Cuadrante.java</file>
            <file>file:/home/faranzabe/Escritorio/DAW1_20_21/Tema%206%20-%20Herencia/DJC_Oblivivion/src/CentroDeMando/Estacion.java</file>
            <file>file:/home/faranzabe/Escritorio/DAW1_20_21/Tema%206%20-%20Herencia/DJC_Oblivivion/src/Principal/DJC_Oblivivion.java</file>
        </group>
    </open-files>
</project-private>
