<?xml version="1.0" encoding="UTF-8"?>
<project-private xmlns="http://www.netbeans.org/ns/project-private/1">
    <editor-bookmarks xmlns="http://www.netbeans.org/ns/editor-bookmarks/2" lastBookmarkId="0"/>
    <open-files xmlns="http://www.netbeans.org/ns/projectui-open-files/2">
        <group>
            <file>file:/home/faranzabe/Escritorio/DAW1_20_21/Tema%206%20-%20Herencia/DJC_Polimorfismo08Animalicos/src/Animalicos/Metodos.java</file>
            <file>file:/home/faranzabe/Escritorio/DAW1_20_21/Tema%206%20-%20Herencia/DJC_Polimorfismo08Animalicos/src/Zoo/Parque.java</file>
            <file>file:/home/faranzabe/Escritorio/DAW1_20_21/Tema%206%20-%20Herencia/DJC_Polimorfismo08Animalicos/src/Animalicos/Perro.java</file>
            <file>file:/home/faranzabe/Escritorio/DAW1_20_21/Tema%206%20-%20Herencia/DJC_Polimorfismo08Animalicos/src/Animalicos/Elefante.java</file>
            <file>file:/home/faranzabe/Escritorio/DAW1_20_21/Tema%206%20-%20Herencia/DJC_Polimorfismo08Animalicos/src/Animalicos/Animal.java</file>
            <file>file:/home/faranzabe/Escritorio/DAW1_20_21/Tema%206%20-%20Herencia/DJC_Polimorfismo08Animalicos/src/Animalicos/Gato.java</file>
            <file>file:/home/faranzabe/Escritorio/DAW1_20_21/Tema%206%20-%20Herencia/DJC_Polimorfismo08Animalicos/src/Principal/Auxiliar.java</file>
            <file>file:/home/faranzabe/Escritorio/DAW1_20_21/Tema%206%20-%20Herencia/DJC_Polimorfismo08Animalicos/src/Principal/Factoria.java</file>
            <file>file:/home/faranzabe/Escritorio/DAW1_20_21/Tema%206%20-%20Herencia/DJC_Polimorfismo08Animalicos/src/Principal/DJC_Polimorfismo08Animalicos.java</file>
        </group>
    </open-files>
</project-private>
