<?xml version="1.0" encoding="UTF-8"?>
<project-private xmlns="http://www.netbeans.org/ns/project-private/1">
    <editor-bookmarks xmlns="http://www.netbeans.org/ns/editor-bookmarks/2" lastBookmarkId="0"/>
    <open-files xmlns="http://www.netbeans.org/ns/projectui-open-files/2">
        <group>
            <file>file:/G:/1ºDAW/Programación/Tema%207%20Herencia%20y%20Polimorfismo/Juegos_Hambre/src/Personajes/Jugador.java</file>
            <file>file:/G:/1ºDAW/Programación/Tema%207%20Herencia%20y%20Polimorfismo/Juegos_Hambre/src/Mundo/Mapa.java</file>
            <file>file:/G:/1ºDAW/Programación/Tema%207%20Herencia%20y%20Polimorfismo/Juegos_Hambre/src/juegos_hambre/Juegos_Hambre.java</file>
        </group>
    </open-files>
</project-private>
