<?xml version="1.0" encoding="UTF-8"?>
<project-private xmlns="http://www.netbeans.org/ns/project-private/1">
    <editor-bookmarks xmlns="http://www.netbeans.org/ns/editor-bookmarks/2" lastBookmarkId="0"/>
    <open-files xmlns="http://www.netbeans.org/ns/projectui-open-files/2">
        <group>
            <file>file:/home/faranzabe/Escritorio/DAW1_20_21/Tema%206%20-%20Herencia/Juegos_Hambre%20(2)/src/Mundo/Factorias_Mundo.java</file>
            <file>file:/home/faranzabe/Escritorio/DAW1_20_21/Tema%206%20-%20Herencia/Juegos_Hambre%20(2)/src/Items/Arma.java</file>
            <file>file:/home/faranzabe/Escritorio/DAW1_20_21/Tema%206%20-%20Herencia/Juegos_Hambre%20(2)/src/Personajes/Jugador.java</file>
            <file>file:/home/faranzabe/Escritorio/DAW1_20_21/Tema%206%20-%20Herencia/Juegos_Hambre%20(2)/src/Mundo/Mapa.java</file>
            <file>file:/home/faranzabe/Escritorio/DAW1_20_21/Tema%206%20-%20Herencia/Juegos_Hambre%20(2)/src/Mundo/Capitolio.java</file>
            <file>file:/home/faranzabe/Escritorio/DAW1_20_21/Tema%206%20-%20Herencia/Juegos_Hambre%20(2)/src/Items/Item.java</file>
            <file>file:/home/faranzabe/Escritorio/DAW1_20_21/Tema%206%20-%20Herencia/Juegos_Hambre%20(2)/src/juegos_hambre/Juegos_Hambre.java</file>
            <file>file:/home/faranzabe/Escritorio/DAW1_20_21/Tema%206%20-%20Herencia/Juegos_Hambre%20(2)/src/Items/Trampa.java</file>
            <file>file:/home/faranzabe/Escritorio/DAW1_20_21/Tema%206%20-%20Herencia/Juegos_Hambre%20(2)/src/Mundo/Distrito.java</file>
            <file>file:/home/faranzabe/Escritorio/DAW1_20_21/Tema%206%20-%20Herencia/Juegos_Hambre%20(2)/src/Items/Medicina.java</file>
            <file>file:/home/faranzabe/Escritorio/DAW1_20_21/Tema%206%20-%20Herencia/Juegos_Hambre%20(2)/src/Personajes/MuertosL.java</file>
        </group>
    </open-files>
</project-private>
