<?xml version="1.0" encoding="UTF-8"?>
<project-private xmlns="http://www.netbeans.org/ns/project-private/1">
    <editor-bookmarks xmlns="http://www.netbeans.org/ns/editor-bookmarks/2" lastBookmarkId="0"/>
    <open-files xmlns="http://www.netbeans.org/ns/projectui-open-files/2">
        <group>
            <file>file:/home/faranzabe/Dropbox/DAW1_19_20/Programación/Ejercicios/Soluciones/Tema%209%20-%20Almacenamiento%20externo/Serializacion/src/serializacion/Serializacion.java</file>
            <file>file:/home/faranzabe/Dropbox/DAW1_19_20/Programación/Ejercicios/Soluciones/Tema%209%20-%20Almacenamiento%20externo/Serializacion/src/serializacion/Persona.java</file>
        </group>
    </open-files>
</project-private>
