<?xml version="1.0" encoding="UTF-8"?>
<project-private xmlns="http://www.netbeans.org/ns/project-private/1">
    <editor-bookmarks xmlns="http://www.netbeans.org/ns/editor-bookmarks/2" lastBookmarkId="0"/>
    <open-files xmlns="http://www.netbeans.org/ns/projectui-open-files/2">
        <group>
            <file>file:/home/usuariob/DAW/DJC_Herencia02Vehiculos/src/djc_herencia02vehiculos/Vehiculo/Turismo.java</file>
            <file>file:/home/usuariob/DAW/DJC_Herencia02Vehiculos/src/djc_herencia02vehiculos/Vehiculo/Motocicleta.java</file>
            <file>file:/home/usuariob/DAW/DJC_Herencia02Vehiculos/src/djc_herencia02vehiculos/Vehiculo/VehiculoMotor.java</file>
            <file>file:/home/usuariob/DAW/DJC_Herencia02Vehiculos/src/djc_herencia02vehiculos/DJC_Herencia02Vehiculos.java</file>
            <file>file:/home/usuariob/DAW/DJC_Herencia02Vehiculos/src/djc_herencia02vehiculos/Vehiculo/Camion.java</file>
        </group>
    </open-files>
</project-private>
