<?xml version="1.0" encoding="UTF-8"?>
<project-private xmlns="http://www.netbeans.org/ns/project-private/1">
    <editor-bookmarks xmlns="http://www.netbeans.org/ns/editor-bookmarks/2" lastBookmarkId="0"/>
    <open-files xmlns="http://www.netbeans.org/ns/projectui-open-files/2">
        <group>
            <file>file:/C:/Users/34671/Documents/NetBeansProjects/ObjetosMosca%202/src/objetosmosca/pkg2/TableroLogico.java</file>
            <file>file:/C:/Users/34671/Documents/NetBeansProjects/ObjetosMosca%202/src/objetosmosca/pkg2/Mosca.java</file>
            <file>file:/C:/Users/34671/Documents/NetBeansProjects/ObjetosMosca%202/src/objetosmosca/pkg2/ObjetosMosca2.java</file>
        </group>
    </open-files>
</project-private>
