<?xml version="1.0" encoding="UTF-8"?>
<project-private xmlns="http://www.netbeans.org/ns/project-private/1">
    <editor-bookmarks xmlns="http://www.netbeans.org/ns/editor-bookmarks/2" lastBookmarkId="0"/>
    <open-files xmlns="http://www.netbeans.org/ns/projectui-open-files/2">
        <group>
            <file>file:/D:/DAW/1/PROG/09PROG/BBDD/DJC_CRUD/src/BBDD/ConexionEstatica.java</file>
            <file>file:/D:/DAW/1/PROG/09PROG/BBDD/DJC_CRUD/src/Auxiliar/Metodos.java</file>
            <file>file:/D:/DAW/1/PROG/09PROG/BBDD/DJC_CRUD/src/Ventanas/Principal.java</file>
            <file>file:/D:/DAW/1/PROG/09PROG/BBDD/DJC_CRUD/src/Personas/Persona.java</file>
            <file>file:/D:/DAW/1/PROG/09PROG/BBDD/DJC_CRUD/src/Ventanas/RegistroNuevo.java</file>
        </group>
    </open-files>
</project-private>
