<?xml version="1.0" encoding="UTF-8"?>
<project-private xmlns="http://www.netbeans.org/ns/project-private/1">
    <editor-bookmarks xmlns="http://www.netbeans.org/ns/editor-bookmarks/2" lastBookmarkId="0"/>
    <open-files xmlns="http://www.netbeans.org/ns/projectui-open-files/2">
        <group>
            <file>file:/C:/Users/Malena/Desktop/PROGRAM/HERENCIA/Ejercicio1_Malena/src/ejercicio1_malena/Perro.java</file>
            <file>file:/C:/Users/Malena/Desktop/PROGRAM/HERENCIA/Ejercicio1_Malena/src/ejercicio1_malena/Mascota.java</file>
            <file>file:/C:/Users/Malena/Desktop/PROGRAM/HERENCIA/Ejercicio1_Malena/src/ejercicio1_malena/Ejercicio1_Malena.java</file>
            <file>file:/C:/Users/Malena/Desktop/PROGRAM/HERENCIA/Ejercicio1_Malena/src/ejercicio1_malena/Gato.java</file>
        </group>
    </open-files>
</project-private>
