<?xml version="1.0" encoding="UTF-8"?>
<project-private xmlns="http://www.netbeans.org/ns/project-private/1">
    <editor-bookmarks xmlns="http://www.netbeans.org/ns/editor-bookmarks/2" lastBookmarkId="0"/>
    <open-files xmlns="http://www.netbeans.org/ns/projectui-open-files/2">
        <group>
            <file>file:/home/faranzabe/Escritorio/DAW1_20_21/Tema%206%20-%20Herencia/EjemploHerencia/src/ejemploherencia/Jedi.java</file>
            <file>file:/home/faranzabe/Escritorio/DAW1_20_21/Tema%206%20-%20Herencia/EjemploHerencia/src/ejemploherencia/Wookie.java</file>
            <file>file:/home/faranzabe/Escritorio/DAW1_20_21/Tema%206%20-%20Herencia/EjemploHerencia/src/ejemploherencia/Sith.java</file>
            <file>file:/home/faranzabe/Escritorio/DAW1_20_21/Tema%206%20-%20Herencia/EjemploHerencia/src/ejemploherencia/Personaje.java</file>
            <file>file:/home/faranzabe/Escritorio/DAW1_20_21/Tema%206%20-%20Herencia/EjemploHerencia/src/ejemploherencia/Nave.java</file>
            <file>file:/home/faranzabe/Escritorio/DAW1_20_21/Tema%206%20-%20Herencia/EjemploHerencia/src/ejemploherencia/EjemploHerencia.java</file>
        </group>
    </open-files>
</project-private>
