<?xml version="1.0" encoding="UTF-8"?>
<project-private xmlns="http://www.netbeans.org/ns/project-private/1">
    <editor-bookmarks xmlns="http://www.netbeans.org/ns/editor-bookmarks/2" lastBookmarkId="0"/>
    <open-files xmlns="http://www.netbeans.org/ns/projectui-open-files/2">
        <group>
            <file>file:/D:/DAW/1/PROG/05PROG/DJC_2018JuegosDelHambre/src/djc_2018juegosdelhambre/Tributo.java</file>
            <file>file:/D:/DAW/1/PROG/05PROG/DJC_2018JuegosDelHambre/src/djc_2018juegosdelhambre/Casilla.java</file>
            <file>file:/D:/DAW/1/PROG/05PROG/DJC_2018JuegosDelHambre/src/djc_2018juegosdelhambre/Mapa.java</file>
            <file>file:/D:/DAW/1/PROG/05PROG/DJC_2018JuegosDelHambre/src/djc_2018juegosdelhambre/Capitolio.java</file>
            <file>file:/D:/DAW/1/PROG/05PROG/DJC_2018JuegosDelHambre/src/djc_2018juegosdelhambre/Distrito.java</file>
            <file>file:/D:/DAW/1/PROG/05PROG/DJC_2018JuegosDelHambre/src/djc_2018juegosdelhambre/Factoria.java</file>
            <file>file:/D:/DAW/1/PROG/05PROG/DJC_2018JuegosDelHambre/src/djc_2018juegosdelhambre/Item.java</file>
            <file>file:/D:/DAW/1/PROG/05PROG/DJC_2018JuegosDelHambre/src/djc_2018juegosdelhambre/DJC_2018JuegosDelHambre.java</file>
        </group>
    </open-files>
</project-private>
