<?xml version="1.0" encoding="UTF-8"?>
<project-private xmlns="http://www.netbeans.org/ns/project-private/1">
    <editor-bookmarks xmlns="http://www.netbeans.org/ns/editor-bookmarks/2" lastBookmarkId="0"/>
    <open-files xmlns="http://www.netbeans.org/ns/projectui-open-files/2">
        <group>
            <file>file:/home/faranzabe/Escritorio/DAW1_20_21/Tema%209%20-%20Almacenamiento%20externo/PeliculasElRetorno%20(2)/src/BBDD/ConexionEstatica.java</file>
            <file>file:/home/faranzabe/Escritorio/DAW1_20_21/Tema%209%20-%20Almacenamiento%20externo/PeliculasElRetorno%20(2)/src/peliculaselretorno/Pelicula.java</file>
            <file>file:/home/faranzabe/Escritorio/DAW1_20_21/Tema%209%20-%20Almacenamiento%20externo/PeliculasElRetorno%20(2)/src/Auxiliar/Constantes.java</file>
            <file>file:/home/faranzabe/Escritorio/DAW1_20_21/Tema%209%20-%20Almacenamiento%20externo/PeliculasElRetorno%20(2)/src/peliculaselretorno/RegistroPeliculas.java</file>
        </group>
    </open-files>
</project-private>
