<?xml version="1.0" encoding="UTF-8"?>
<project-private xmlns="http://www.netbeans.org/ns/project-private/1">
    <editor-bookmarks xmlns="http://www.netbeans.org/ns/editor-bookmarks/2" lastBookmarkId="0"/>
    <open-files xmlns="http://www.netbeans.org/ns/projectui-open-files/2">
        <group>
            <file>file:/home/faranzabe/Escritorio/DAW1_20_21/Tema%206%20-%20Herencia/matrixalvaro/src/Clases/Localizacion.java</file>
            <file>file:/home/faranzabe/Escritorio/DAW1_20_21/Tema%206%20-%20Herencia/matrixalvaro/src/Clases/Metodos.java</file>
            <file>file:/home/faranzabe/Escritorio/DAW1_20_21/Tema%206%20-%20Herencia/matrixalvaro/src/Clases/Neo.java</file>
            <file>file:/home/faranzabe/Escritorio/DAW1_20_21/Tema%206%20-%20Herencia/matrixalvaro/src/Clases/Smith.java</file>
            <file>file:/home/faranzabe/Escritorio/DAW1_20_21/Tema%206%20-%20Herencia/matrixalvaro/src/matrixalvaro/Matrixalvaro.java</file>
            <file>file:/home/faranzabe/Escritorio/DAW1_20_21/Tema%206%20-%20Herencia/matrixalvaro/src/matrixalvaro/Mapa.java</file>
            <file>file:/home/faranzabe/Escritorio/DAW1_20_21/Tema%206%20-%20Herencia/matrixalvaro/src/Clases/Almacen.java</file>
            <file>file:/home/faranzabe/Escritorio/DAW1_20_21/Tema%206%20-%20Herencia/matrixalvaro/src/Clases/Personaje.java</file>
            <file>file:/home/faranzabe/Escritorio/DAW1_20_21/Tema%206%20-%20Herencia/matrixalvaro/src/Clases/Generico.java</file>
        </group>
    </open-files>
</project-private>
