<?xml version="1.0" encoding="UTF-8"?>
<project-private xmlns="http://www.netbeans.org/ns/project-private/1">
    <editor-bookmarks xmlns="http://www.netbeans.org/ns/editor-bookmarks/2" lastBookmarkId="0"/>
    <open-files xmlns="http://www.netbeans.org/ns/projectui-open-files/2">
        <group>
            <file>file:/home/faranzabe/Escritorio/DAW1_20_21/Tema%204%20-%20Arrays%20Strings/Listas/DJC_Objetos06Serpiente/src/djc_objetos06serpiente/DJC_Objetos06Serpiente.java</file>
            <file>file:/home/faranzabe/Escritorio/DAW1_20_21/Tema%204%20-%20Arrays%20Strings/Listas/DJC_Objetos06Serpiente/src/djc_objetos06serpiente/Serpiente.java</file>
            <file>file:/home/faranzabe/Escritorio/DAW1_20_21/Tema%204%20-%20Arrays%20Strings/Listas/DJC_Objetos06Serpiente/src/djc_objetos06serpiente/SerpienteL.java</file>
        </group>
    </open-files>
</project-private>
