<?xml version="1.0" encoding="UTF-8"?>
<project-private xmlns="http://www.netbeans.org/ns/project-private/1">
    <editor-bookmarks xmlns="http://www.netbeans.org/ns/editor-bookmarks/2" lastBookmarkId="0"/>
    <open-files xmlns="http://www.netbeans.org/ns/projectui-open-files/2">
        <group>
            <file>file:/home/faranzabe/Escritorio/DAW1_20_21/Tema%207%20-%20TAD's/TADPilaCola/src/tadpilacola/ColaLista2.java</file>
            <file>file:/home/faranzabe/Escritorio/DAW1_20_21/Tema%207%20-%20TAD's/TADPilaCola/src/tadpilacola/TADPilaCola.java</file>
            <file>file:/home/faranzabe/Escritorio/DAW1_20_21/Tema%207%20-%20TAD's/TADPilaCola/src/tadpilacola/Persona.java</file>
            <file>file:/home/faranzabe/Escritorio/DAW1_20_21/Tema%207%20-%20TAD's/TADPilaCola/src/tadpilacola/ColaAL.java</file>
            <file>file:/home/faranzabe/Escritorio/DAW1_20_21/Tema%207%20-%20TAD's/TADPilaCola/src/tadpilacola/ColaLista.java</file>
            <file>file:/home/faranzabe/Escritorio/DAW1_20_21/Tema%207%20-%20TAD's/TADPilaCola/src/tadpilacola/ColaVector.java</file>
        </group>
    </open-files>
</project-private>
