<?xml version="1.0" encoding="UTF-8"?>
<project-private xmlns="http://www.netbeans.org/ns/project-private/1">
    <editor-bookmarks xmlns="http://www.netbeans.org/ns/editor-bookmarks/2" lastBookmarkId="0"/>
    <open-files xmlns="http://www.netbeans.org/ns/projectui-open-files/2">
        <group>
            <file>file:/D:/DAW/1/PROG/06PROG/DJC_Herencia06Animales2/src/djc_herencia01/Perro.java</file>
            <file>file:/D:/DAW/1/PROG/06PROG/DJC_Herencia06Animales2/src/djc_herencia01/Elefante.java</file>
            <file>file:/D:/DAW/1/PROG/06PROG/DJC_Herencia06Animales2/src/djc_herencia01/Mascota.java</file>
            <file>file:/D:/DAW/1/PROG/06PROG/DJC_Herencia06Animales2/src/djc_herencia01/Gato.java</file>
        </group>
    </open-files>
</project-private>
