<?xml version="1.0" encoding="UTF-8"?>
<project-private xmlns="http://www.netbeans.org/ns/project-private/1">
    <editor-bookmarks xmlns="http://www.netbeans.org/ns/editor-bookmarks/2" lastBookmarkId="0"/>
    <open-files xmlns="http://www.netbeans.org/ns/projectui-open-files/2">
        <group>
            <file>file:/home/faranzabe/Escritorio/DAW1_20_21/Tema%206%20-%20Herencia/Oblivion_2017%20(2)/src/Drones/Dron.java</file>
            <file>file:/home/faranzabe/Escritorio/DAW1_20_21/Tema%206%20-%20Herencia/Oblivion_2017%20(2)/src/Principal/Principal.java</file>
            <file>file:/home/faranzabe/Escritorio/DAW1_20_21/Tema%206%20-%20Herencia/Oblivion_2017%20(2)/src/Drones/DronesLista.java</file>
            <file>file:/home/faranzabe/Escritorio/DAW1_20_21/Tema%206%20-%20Herencia/Oblivion_2017%20(2)/src/Nave/Tet.java</file>
            <file>file:/home/faranzabe/Escritorio/DAW1_20_21/Tema%206%20-%20Herencia/Oblivion_2017%20(2)/src/Mundo/Cuadrante.java</file>
            <file>file:/home/faranzabe/Escritorio/DAW1_20_21/Tema%206%20-%20Herencia/Oblivion_2017%20(2)/src/Mundo/Factorias.java</file>
            <file>file:/home/faranzabe/Escritorio/DAW1_20_21/Tema%206%20-%20Herencia/Oblivion_2017%20(2)/src/Mundo/Tierra.java</file>
        </group>
    </open-files>
</project-private>
