<?xml version="1.0" encoding="UTF-8"?>
<project-private xmlns="http://www.netbeans.org/ns/project-private/1">
    <editor-bookmarks xmlns="http://www.netbeans.org/ns/editor-bookmarks/2" lastBookmarkId="0"/>
    <open-files xmlns="http://www.netbeans.org/ns/projectui-open-files/2">
        <group>
            <file>file:/home/faranzabe/Escritorio/DAW1_20_21/Tema%206%20-%20Herencia/DJC_Febrero2012MatrixPolimorfismos/src/Principal/Factoria.java</file>
            <file>file:/home/faranzabe/Escritorio/DAW1_20_21/Tema%206%20-%20Herencia/DJC_Febrero2012MatrixPolimorfismos/src/Personajes/Localizacion.java</file>
            <file>file:/home/faranzabe/Escritorio/DAW1_20_21/Tema%206%20-%20Herencia/DJC_Febrero2012MatrixPolimorfismos/src/Personajes/ListaPersonajes.java</file>
            <file>file:/home/faranzabe/Escritorio/DAW1_20_21/Tema%206%20-%20Herencia/DJC_Febrero2012MatrixPolimorfismos/src/Mundo/Casilla.java</file>
            <file>file:/home/faranzabe/Escritorio/DAW1_20_21/Tema%206%20-%20Herencia/DJC_Febrero2012MatrixPolimorfismos/src/Personajes/Smith.java</file>
            <file>file:/home/faranzabe/Escritorio/DAW1_20_21/Tema%206%20-%20Herencia/DJC_Febrero2012MatrixPolimorfismos/src/Personajes/Personaje.java</file>
            <file>file:/home/faranzabe/Escritorio/DAW1_20_21/Tema%206%20-%20Herencia/DJC_Febrero2012MatrixPolimorfismos/src/Mundo/Matrix.java</file>
            <file>file:/home/faranzabe/Escritorio/DAW1_20_21/Tema%206%20-%20Herencia/DJC_Febrero2012MatrixPolimorfismos/src/Principal/DJC_Febrero2012Matrix.java</file>
            <file>file:/home/faranzabe/Escritorio/DAW1_20_21/Tema%206%20-%20Herencia/DJC_Febrero2012MatrixPolimorfismos/src/Personajes/Neo.java</file>
            <file>file:/home/faranzabe/Escritorio/DAW1_20_21/Tema%206%20-%20Herencia/DJC_Febrero2012MatrixPolimorfismos/src/Mundo/MundoReal.java</file>
        </group>
    </open-files>
</project-private>
