<?xml version="1.0" encoding="UTF-8"?>
<project-private xmlns="http://www.netbeans.org/ns/project-private/1">
    <editor-bookmarks xmlns="http://www.netbeans.org/ns/editor-bookmarks/2" lastBookmarkId="0"/>
    <open-files xmlns="http://www.netbeans.org/ns/projectui-open-files/2">
        <group>
            <file>file:/home/usuariob/DAW/1/PROG/08PROG/DJC_Graficos01Calculadora/src/djc_graficos01calculadora/DJC_Graficos01Calculadora.java</file>
            <file>file:/home/usuariob/DAW/1/PROG/08PROG/DJC_Graficos01Calculadora/src/djc_graficos01calculadora/Principal.java</file>
        </group>
    </open-files>
</project-private>
