<?xml version="1.0" encoding="UTF-8"?>
<project-private xmlns="http://www.netbeans.org/ns/project-private/1">
    <editor-bookmarks xmlns="http://www.netbeans.org/ns/editor-bookmarks/2" lastBookmarkId="0"/>
    <open-files xmlns="http://www.netbeans.org/ns/projectui-open-files/2">
        <group>
            <file>file:/home/faranzabe/Escritorio/DAW1_20_21/Tema%207%20-%20TAD's/DJC_Solitario/src/Cartas/Baraja.java</file>
            <file>file:/home/faranzabe/Escritorio/DAW1_20_21/Tema%207%20-%20TAD's/DJC_Solitario/src/Auxiliares/Factoria.java</file>
            <file>file:/home/faranzabe/Escritorio/DAW1_20_21/Tema%207%20-%20TAD's/DJC_Solitario/src/Cartas/PilaCartas.java</file>
            <file>file:/home/faranzabe/Escritorio/DAW1_20_21/Tema%207%20-%20TAD's/DJC_Solitario/src/Cartas/Carta.java</file>
            <file>file:/home/faranzabe/Escritorio/DAW1_20_21/Tema%207%20-%20TAD's/DJC_Solitario/src/Auxiliares/Auxiliar.java</file>
            <file>file:/home/faranzabe/Escritorio/DAW1_20_21/Tema%207%20-%20TAD's/DJC_Solitario/src/Auxiliares/Excepcion404.java</file>
            <file>file:/home/faranzabe/Escritorio/DAW1_20_21/Tema%207%20-%20TAD's/DJC_Solitario/src/Principal/Principal.java</file>
            <file>file:/home/faranzabe/Escritorio/DAW1_20_21/Tema%207%20-%20TAD's/DJC_Solitario/src/Auxiliares/Excepcion101.java</file>
        </group>
    </open-files>
</project-private>
