<?xml version="1.0" encoding="UTF-8"?>
<project-private xmlns="http://www.netbeans.org/ns/project-private/1">
    <editor-bookmarks xmlns="http://www.netbeans.org/ns/editor-bookmarks/2" lastBookmarkId="0"/>
    <open-files xmlns="http://www.netbeans.org/ns/projectui-open-files/2">
        <group>
            <file>file:/home/laura/Descargas/AgeOfEmpires/src/ageofempires/AgeOfEmpires.java</file>
            <file>file:/home/laura/Descargas/AgeOfEmpires/src/ageofempires/MinaL.java</file>
            <file>file:/home/laura/Descargas/AgeOfEmpires/src/ageofempires/CivilizacionL.java</file>
            <file>file:/home/laura/Descargas/AgeOfEmpires/src/ageofempires/AldeanoL.java</file>
            <file>file:/home/laura/Descargas/AgeOfEmpires/src/ageofempires/Lista.java</file>
        </group>
    </open-files>
</project-private>
