<?xml version="1.0" encoding="UTF-8"?>
<project-private xmlns="http://www.netbeans.org/ns/project-private/1">
    <editor-bookmarks xmlns="http://www.netbeans.org/ns/editor-bookmarks/2" lastBookmarkId="0"/>
    <open-files xmlns="http://www.netbeans.org/ns/projectui-open-files/2">
        <group>
            <file>file:/home/faranzabe/Escritorio/DAW1_20_21/Tema%205%20-%20POO/CatanClase%20(2)/src/Principal/FactoriaJugador.java</file>
            <file>file:/home/faranzabe/Escritorio/DAW1_20_21/Tema%205%20-%20POO/CatanClase%20(2)/src/Principal/Jugador.java</file>
            <file>file:/home/faranzabe/Escritorio/DAW1_20_21/Tema%205%20-%20POO/CatanClase%20(2)/src/Juego/Dado.java</file>
            <file>file:/home/faranzabe/Escritorio/DAW1_20_21/Tema%205%20-%20POO/CatanClase%20(2)/src/Juego/FactoriaJuego.java</file>
            <file>file:/home/faranzabe/Escritorio/DAW1_20_21/Tema%205%20-%20POO/CatanClase%20(2)/src/Juego/Casilla.java</file>
            <file>file:/home/faranzabe/Escritorio/DAW1_20_21/Tema%205%20-%20POO/CatanClase%20(2)/src/Juego/Tablero.java</file>
            <file>file:/home/faranzabe/Escritorio/DAW1_20_21/Tema%205%20-%20POO/CatanClase%20(2)/src/Principal/CatanClase.java</file>
        </group>
    </open-files>
</project-private>
