<?xml version="1.0" encoding="UTF-8"?>
<project-private xmlns="http://www.netbeans.org/ns/project-private/1">
    <editor-bookmarks xmlns="http://www.netbeans.org/ns/editor-bookmarks/2" lastBookmarkId="0"/>
    <open-files xmlns="http://www.netbeans.org/ns/projectui-open-files/2">
        <group>
            <file>file:/home/faranzabe/Escritorio/DAW1_20_21/Tema%209%20-%20Almacenamiento%20externo/AñadirPeliculas_Archivos/src/añadirpeliculas_archivos/Peliculas.java</file>
            <file>file:/home/faranzabe/Escritorio/DAW1_20_21/Tema%209%20-%20Almacenamiento%20externo/AñadirPeliculas_Archivos/src/añadirpeliculas_archivos/AñadirPeliculas_Archivos.java</file>
        </group>
    </open-files>
</project-private>
