<?xml version="1.0" encoding="UTF-8"?>
<project-private xmlns="http://www.netbeans.org/ns/project-private/1">
    <editor-bookmarks xmlns="http://www.netbeans.org/ns/editor-bookmarks/2" lastBookmarkId="0"/>
    <open-files xmlns="http://www.netbeans.org/ns/projectui-open-files/2">
        <group>
            <file>file:/home/faranzabe/Escritorio/DAW1_20_21/Tema%208%20-%20Entornos%20Gráficos/ListasSWingyVentanas/src/listasswing/Ventana.java</file>
            <file>file:/home/faranzabe/Escritorio/DAW1_20_21/Tema%208%20-%20Entornos%20Gráficos/ListasSWingyVentanas/src/listasswing/V2.java</file>
            <file>file:/home/faranzabe/Escritorio/DAW1_20_21/Tema%208%20-%20Entornos%20Gráficos/ListasSWingyVentanas/src/listasswing/ListasSWing.java</file>
        </group>
    </open-files>
</project-private>
