<?xml version="1.0" encoding="UTF-8"?>
<project-private xmlns="http://www.netbeans.org/ns/project-private/1">
    <editor-bookmarks xmlns="http://www.netbeans.org/ns/editor-bookmarks/2" lastBookmarkId="0"/>
    <open-files xmlns="http://www.netbeans.org/ns/projectui-open-files/2">
        <group>
            <file>file:/home/faranzabe/Escritorio/DAW1_20_21/Tema%205%20-%20POO/Borrar/src/borrar/Cuenta.java</file>
            <file>file:/home/faranzabe/Escritorio/DAW1_20_21/Tema%205%20-%20POO/Borrar/src/borrar/Borrar.java</file>
            <file>file:/home/faranzabe/Escritorio/DAW1_20_21/Tema%205%20-%20POO/Borrar/src/borrar/Titular.java</file>
        </group>
    </open-files>
</project-private>
