<?xml version="1.0" encoding="UTF-8"?>
<project-private xmlns="http://www.netbeans.org/ns/project-private/1">
    <editor-bookmarks xmlns="http://www.netbeans.org/ns/editor-bookmarks/2" lastBookmarkId="0"/>
    <open-files xmlns="http://www.netbeans.org/ns/projectui-open-files/2">
        <group>
            <file>file:/home/faranzabe/Escritorio/DAW1_20_21/Tema%207%20-%20TAD's/Siete/src/TiposMazos/MazoVector.java</file>
            <file>file:/home/faranzabe/Escritorio/DAW1_20_21/Tema%207%20-%20TAD's/Siete/src/siete/Mazo.java</file>
            <file>file:/home/faranzabe/Escritorio/DAW1_20_21/Tema%207%20-%20TAD's/Siete/src/siete/SieteyMedia.java</file>
            <file>file:/home/faranzabe/Escritorio/DAW1_20_21/Tema%207%20-%20TAD's/Siete/src/TiposMazos/MazoLL.java</file>
            <file>file:/home/faranzabe/Escritorio/DAW1_20_21/Tema%207%20-%20TAD's/Siete/src/TiposMazos/MazoLista.java</file>
            <file>file:/home/faranzabe/Escritorio/DAW1_20_21/Tema%207%20-%20TAD's/Siete/src/TiposMazos/MazoLista2.java</file>
            <file>file:/home/faranzabe/Escritorio/DAW1_20_21/Tema%207%20-%20TAD's/Siete/src/TiposMazos/MazoAL.java</file>
            <file>file:/home/faranzabe/Escritorio/DAW1_20_21/Tema%207%20-%20TAD's/Siete/src/siete/Jugador.java</file>
            <file>file:/home/faranzabe/Escritorio/DAW1_20_21/Tema%207%20-%20TAD's/Siete/src/siete/Carta.java</file>
            <file>file:/home/faranzabe/Escritorio/DAW1_20_21/Tema%207%20-%20TAD's/Siete/src/siete/Factorias.java</file>
        </group>
    </open-files>
</project-private>
