<?xml version="1.0" encoding="UTF-8"?>
<project-private xmlns="http://www.netbeans.org/ns/project-private/1">
    <editor-bookmarks xmlns="http://www.netbeans.org/ns/editor-bookmarks/2" lastBookmarkId="0"/>
    <open-files xmlns="http://www.netbeans.org/ns/projectui-open-files/2">
        <group>
            <file>file:/home/fernando/Escritorio/Corrigiendo/ExamenMarzo2021/src/examenmarzo2021/ExamenMarzo2021.java</file>
            <file>file:/home/fernando/Escritorio/Corrigiendo/ExamenMarzo2021/src/examenmarzo2021/Lista.java</file>
        </group>
    </open-files>
</project-private>
