<?xml version="1.0" encoding="UTF-8"?>
<project-private xmlns="http://www.netbeans.org/ns/project-private/1">
    <editor-bookmarks xmlns="http://www.netbeans.org/ns/editor-bookmarks/2" lastBookmarkId="0"/>
    <open-files xmlns="http://www.netbeans.org/ns/projectui-open-files/2">
        <group>
            <file>file:/G:/1ºDAW/Programación/Conexion%20Bases%20de%20datos/PeliculasElRetorno/src/peliculaselretorno/RegistroPeliculas.java</file>
            <file>file:/G:/1ºDAW/Programación/Conexion%20Bases%20de%20datos/PeliculasElRetorno/src/peliculaselretorno/Conexion.java</file>
        </group>
    </open-files>
</project-private>
