<?xml version="1.0" encoding="UTF-8"?>
<project-private xmlns="http://www.netbeans.org/ns/project-private/1">
    <editor-bookmarks xmlns="http://www.netbeans.org/ns/editor-bookmarks/2" lastBookmarkId="0"/>
    <open-files xmlns="http://www.netbeans.org/ns/projectui-open-files/2">
        <group>
            <file>file:/D:/DAW/1/PROG/06PROG/DJC_Oblivivion/src/CentroDeMando/Estacion.java</file>
            <file>file:/D:/DAW/1/PROG/06PROG/DJC_Oblivivion/src/CentroDeMando/Reparacion.java</file>
            <file>file:/D:/DAW/1/PROG/06PROG/DJC_Oblivivion/src/Principal/DJC_Oblivivion.java</file>
            <file>file:/D:/DAW/1/PROG/06PROG/DJC_Oblivivion/src/Tecnologia/Dron.java</file>
            <file>file:/D:/DAW/1/PROG/06PROG/DJC_Oblivivion/src/Mundo/Planeta.java</file>
            <file>file:/D:/DAW/1/PROG/06PROG/DJC_Oblivivion/src/Mundo/Cuadrante.java</file>
            <file>file:/D:/DAW/1/PROG/06PROG/DJC_Oblivivion/src/CentroDeMando/Orden.java</file>
        </group>
    </open-files>
</project-private>
