<?xml version="1.0" encoding="UTF-8"?>
<project-private xmlns="http://www.netbeans.org/ns/project-private/1">
    <editor-bookmarks xmlns="http://www.netbeans.org/ns/editor-bookmarks/2" lastBookmarkId="0"/>
    <open-files xmlns="http://www.netbeans.org/ns/projectui-open-files/2">
        <group>
            <file>file:/G:/1ºDAW/Programación/Tema%205%20Objetos/Objetos%204.1/src/objetos/pkg4/pkg1/Aula.java</file>
            <file>file:/G:/1ºDAW/Programación/Tema%205%20Objetos/Objetos%204.1/src/objetos/pkg4/pkg1/Objetos41.java</file>
        </group>
    </open-files>
</project-private>
